mechanic,usageUnit,analysisUnitOpportunityCount,matchOpportunityCount,selectionCount,usageRate,sampleSize,outcomeAssociation,ciLow,ciHigh,evidenceGrade,status,formulaHash
2-black-2-red-draw,participant,200,100,62,0.31,62,'-0.10710382513661204,'-0.2570476995989822,0.04284004932575816,INSUFFICIENT,measured,6737c3e7f6336d0adce20989d17bb6f271655f2f7ee337c42125d60077cb6f5a
2-black-2-red-rummage,participant,200,100,11,0.055,11,'-0.048157248157248145,'-0.351101723205569,0.2547872268910727,INSUFFICIENT,measured,6737c3e7f6336d0adce20989d17bb6f271655f2f7ee337c42125d60077cb6f5a
ace,participant,200,100,14,0.065,13,'-0.28835645229087853,'-0.5285548598971763,'-0.04815804468458068,INSUFFICIENT,measured,6737c3e7f6336d0adce20989d17bb6f271655f2f7ee337c42125d60077cb6f5a
ace-anchor,participant,200,100,13,0.065,13,0.04119377889869691,'-0.2393143679658435,0.3217019257632373,INSUFFICIENT,measured,6737c3e7f6336d0adce20989d17bb6f271655f2f7ee337c42125d60077cb6f5a
ace-base,participant,200,100,29,0.13,26,0.11461988304093568,'-0.09150961733268384,0.32074938341455517,INSUFFICIENT,measured,6737c3e7f6336d0adce20989d17bb6f271655f2f7ee337c42125d60077cb6f5a
ace-spade,participant,200,100,14,0.07,14,0.1538461538461539,'-0.1074426998279418,0.4151350075202496,INSUFFICIENT,measured,6737c3e7f6336d0adce20989d17bb6f271655f2f7ee337c42125d60077cb6f5a
anchor,participant,200,100,79,0.215,43,'-0.26215578284815105,'-0.42189898816853855,'-0.10241257752776356,INSUFFICIENT,measured,6737c3e7f6336d0adce20989d17bb6f271655f2f7ee337c42125d60077cb6f5a
anchor-private-choice,participant,200,100,6,0.03,6,0.10261780104712037,'-0.332603950508788,0.5378395526030287,INSUFFICIENT,measured,6737c3e7f6336d0adce20989d17bb6f271655f2f7ee337c42125d60077cb6f5a
board-lock,participant,200,100,25,0.125,25,'-0.024629303845187245,'-0.24194729861011155,0.19268869091973706,INSUFFICIENT,measured,6737c3e7f6336d0adce20989d17bb6f271655f2f7ee337c42125d60077cb6f5a
bounce-top,participant,200,100,31,0.13,26,'-0.09496124031007752,'-0.3058739208301531,0.11595144020999801,INSUFFICIENT,measured,6737c3e7f6336d0adce20989d17bb6f271655f2f7ee337c42125d60077cb6f5a
clear-er,participant,200,100,5,0.025,5,'-0.10261780104712037,'-0.5378395526030287,0.332603950508788,INSUFFICIENT,measured,6737c3e7f6336d0adce20989d17bb6f271655f2f7ee337c42125d60077cb6f5a
clear-pr,participant,200,100,6,0.03,6,'-0.10261780104712037,'-0.5378395526030287,0.332603950508788,INSUFFICIENT,measured,6737c3e7f6336d0adce20989d17bb6f271655f2f7ee337c42125d60077cb6f5a
club-foundation,participant,200,100,39,0.175,35,0.17792302106027602,'-0.00014489249476842825,0.3559909346153205,INSUFFICIENT,measured,6737c3e7f6336d0adce20989d17bb6f271655f2f7ee337c42125d60077cb6f5a
club-foundation-bonus,participant,200,100,14,0.07,14,0.04119377889869691,'-0.2393143679658435,0.3217019257632373,INSUFFICIENT,measured,6737c3e7f6336d0adce20989d17bb6f271655f2f7ee337c42125d60077cb6f5a
counter,participant,200,100,80,0.325,65,0.18873375060182956,0.042026902074121575,0.33544059912953755,INSUFFICIENT,measured,6737c3e7f6336d0adce20989d17bb6f271655f2f7ee337c42125d60077cb6f5a
deep-draw-♠,participant,200,100,1,0.005,1,'-0.5025641025641026,'-0.5727411478663516,'-0.4323870572618535,INSUFFICIENT,measured,6737c3e7f6336d0adce20989d17bb6f271655f2f7ee337c42125d60077cb6f5a
diamond-mimic-paired-super-j-tempo,participant,200,100,5,0.025,5,'-0.10261780104712037,'-0.5378395526030287,0.332603950508788,INSUFFICIENT,measured,6737c3e7f6336d0adce20989d17bb6f271655f2f7ee337c42125d60077cb6f5a
diamond-mimic-row-exchange-er,participant,200,100,5,0.025,5,0,'-0.49506875865832517,0.49506875865832517,INSUFFICIENT,measured,6737c3e7f6336d0adce20989d17bb6f271655f2f7ee337c42125d60077cb6f5a
diamond-mimic-row-exchange-pr,participant,200,100,10,0.05,10,'-0.10537634408602148,'-0.41739824367495404,0.20664555550291108,INSUFFICIENT,measured,6737c3e7f6336d0adce20989d17bb6f271655f2f7ee337c42125d60077cb6f5a
disrupt,participant,200,100,160,0.485,97,'-0.05115356509030167,'-0.19114860359535468,0.08884147341475135,INSUFFICIENT,measured,6737c3e7f6336d0adce20989d17bb6f271655f2f7ee337c42125d60077cb6f5a
draw,participant,200,100,776,0.785,157,'-0.25322997416020676,'-0.4114786207922513,'-0.09498132752816224,INSUFFICIENT,measured,6737c3e7f6336d0adce20989d17bb6f271655f2f7ee337c42125d60077cb6f5a
effect-ace,participant,200,100,10,0.045,9,0.07407407407407407,'-0.2993910692380695,0.44753921738621766,INSUFFICIENT,measured,6737c3e7f6336d0adce20989d17bb6f271655f2f7ee337c42125d60077cb6f5a
effect-four,participant,200,100,26,0.12,24,'-0.026666666666666727,'-0.25275419807119825,0.19942086473786477,INSUFFICIENT,measured,6737c3e7f6336d0adce20989d17bb6f271655f2f7ee337c42125d60077cb6f5a
effect-private-choice,participant,200,100,90,0.235,47,'-0.19364645082839332,'-0.35650924724802724,'-0.03078365440875938,INSUFFICIENT,measured,6737c3e7f6336d0adce20989d17bb6f271655f2f7ee337c42125d60077cb6f5a
effect-red-joker,participant,200,100,8,0.04,8,0.07407407407407407,'-0.2993910692380695,0.44753921738621766,INSUFFICIENT,measured,6737c3e7f6336d0adce20989d17bb6f271655f2f7ee337c42125d60077cb6f5a
effect-three,participant,200,100,31,0.13,26,'-0.09496124031007752,'-0.3058739208301531,0.11595144020999801,INSUFFICIENT,measured,6737c3e7f6336d0adce20989d17bb6f271655f2f7ee337c42125d60077cb6f5a
eight-aegis-field,participant,200,100,76,0.25,50,'-0.181922033414251,'-0.34087603617641826,'-0.022968030652083776,INSUFFICIENT,measured,6737c3e7f6336d0adce20989d17bb6f271655f2f7ee337c42125d60077cb6f5a
eight-scuttle,participant,200,100,5,0.025,5,0.2552083333333333,'-0.1749889923037718,0.6854056589704385,INSUFFICIENT,measured,6737c3e7f6336d0adce20989d17bb6f271655f2f7ee337c42125d60077cb6f5a
eight-spade-free-scuttle,participant,200,100,24,0.12,24,'-0.04748062015503879,'-0.26036573831393817,0.16540449800386056,INSUFFICIENT,measured,6737c3e7f6336d0adce20989d17bb6f271655f2f7ee337c42125d60077cb6f5a
exhausted-pass,participant,200,100,3,0.01,2,0,'-0.696514670425963,0.696514670425963,INSUFFICIENT,measured,6737c3e7f6336d0adce20989d17bb6f271655f2f7ee337c42125d60077cb6f5a
face-down,participant,200,100,157,0.545,109,0.05145437362175781,'-0.08894623238110902,0.19185497962462464,INSUFFICIENT,measured,6737c3e7f6336d0adce20989d17bb6f271655f2f7ee337c42125d60077cb6f5a
face-up-draw,participant,200,100,51,0.14,28,'-0.17737556561085976,'-0.37505407711795735,0.020302945896237795,INSUFFICIENT,measured,6737c3e7f6336d0adce20989d17bb6f271655f2f7ee337c42125d60077cb6f5a
five-gy-bottom,participant,200,100,14,0.025,5,'-0.10261780104712037,'-0.5378395526030287,0.332603950508788,INSUFFICIENT,measured,6737c3e7f6336d0adce20989d17bb6f271655f2f7ee337c42125d60077cb6f5a
five-recycle,participant,200,100,11,0.05,10,'-0.2911467617349971,'-0.5720468156621636,'-0.010246707807830546,INSUFFICIENT,measured,6737c3e7f6336d0adce20989d17bb6f271655f2f7ee337c42125d60077cb6f5a
five-refine,participant,200,100,20,0.03,6,0.1719298245614035,'-0.21190639524738447,0.5557660443701915,INSUFFICIENT,measured,6737c3e7f6336d0adce20989d17bb6f271655f2f7ee337c42125d60077cb6f5a
four-guess-4-♣,participant,200,100,1,0.005,1,'-0.5025641025641026,'-0.5727411478663516,'-0.4323870572618535,INSUFFICIENT,measured,6737c3e7f6336d0adce20989d17bb6f271655f2f7ee337c42125d60077cb6f5a
four-guess-4-♥,participant,200,100,2,0.005,1,'-0.5025641025641026,'-0.5727411478663516,'-0.4323870572618535,INSUFFICIENT,measured,6737c3e7f6336d0adce20989d17bb6f271655f2f7ee337c42125d60077cb6f5a
four-guess-7-♦,participant,200,100,1,0.005,1,'-0.5025641025641026,'-0.5727411478663516,'-0.4323870572618535,INSUFFICIENT,measured,6737c3e7f6336d0adce20989d17bb6f271655f2f7ee337c42125d60077cb6f5a
four-guess-A-♥,participant,200,100,1,0.005,1,'-0.5025641025641026,'-0.5727411478663516,'-0.4323870572618535,INSUFFICIENT,measured,6737c3e7f6336d0adce20989d17bb6f271655f2f7ee337c42125d60077cb6f5a
four-guess-K-♠,participant,200,100,1,0.005,1,'-0.5025641025641026,'-0.5727411478663516,'-0.4323870572618535,INSUFFICIENT,measured,6737c3e7f6336d0adce20989d17bb6f271655f2f7ee337c42125d60077cb6f5a
four-guess-Q-♣,participant,200,100,1,0.005,1,'-0.5025641025641026,'-0.5727411478663516,'-0.4323870572618535,INSUFFICIENT,measured,6737c3e7f6336d0adce20989d17bb6f271655f2f7ee337c42125d60077cb6f5a
four-guess-Q-♥,participant,200,100,1,0.005,1,'-0.5025641025641026,'-0.5727411478663516,'-0.4323870572618535,INSUFFICIENT,measured,6737c3e7f6336d0adce20989d17bb6f271655f2f7ee337c42125d60077cb6f5a
four-row-clear-er,participant,200,100,1,0.005,1,'-0.5025641025641026,'-0.5727411478663516,'-0.4323870572618535,INSUFFICIENT,measured,6737c3e7f6336d0adce20989d17bb6f271655f2f7ee337c42125d60077cb6f5a
four-row-clear-er-♠,participant,200,100,1,0.005,1,'-0.5025641025641026,'-0.5727411478663516,'-0.4323870572618535,INSUFFICIENT,measured,6737c3e7f6336d0adce20989d17bb6f271655f2f7ee337c42125d60077cb6f5a
four-row-clear-er-♣,participant,200,100,2,0.01,2,'-0.5051546391752577,'-0.5755095068415012,'-0.4347997715090143,INSUFFICIENT,measured,6737c3e7f6336d0adce20989d17bb6f271655f2f7ee337c42125d60077cb6f5a
four-row-clear-er-♦,participant,200,100,1,0.005,1,'-0.5025641025641026,'-0.5727411478663516,'-0.4323870572618535,INSUFFICIENT,measured,6737c3e7f6336d0adce20989d17bb6f271655f2f7ee337c42125d60077cb6f5a
heart-tempo,participant,200,100,29,0.13,26,'-0.06877192982456143,'-0.2772805805317925,0.13973672088266964,INSUFFICIENT,measured,6737c3e7f6336d0adce20989d17bb6f271655f2f7ee337c42125d60077cb6f5a
jack,participant,200,100,160,0.485,97,'-0.05115356509030167,'-0.19114860359535468,0.08884147341475135,INSUFFICIENT,measured,6737c3e7f6336d0adce20989d17bb6f271655f2f7ee337c42125d60077cb6f5a
king,participant,200,100,61,0.185,37,'-0.29565217391304355,'-0.45955495707451843,'-0.13174939075156863,INSUFFICIENT,measured,6737c3e7f6336d0adce20989d17bb6f271655f2f7ee337c42125d60077cb6f5a
king-anchor,participant,200,100,3,0.015,3,0.16925734024179617,'-0.3688210504950383,0.7073357309786307,INSUFFICIENT,measured,6737c3e7f6336d0adce20989d17bb6f271655f2f7ee337c42125d60077cb6f5a
king-spade,participant,200,100,2,0.01,2,'-0.5051546391752577,'-0.5755095068415012,'-0.4347997715090143,INSUFFICIENT,measured,6737c3e7f6336d0adce20989d17bb6f271655f2f7ee337c42125d60077cb6f5a
nine,participant,200,100,6,0.03,6,0.10261780104712037,'-0.332603950508788,0.5378395526030287,INSUFFICIENT,measured,6737c3e7f6336d0adce20989d17bb6f271655f2f7ee337c42125d60077cb6f5a
nine-anchor-discard,participant,200,100,8,0.035,7,'-0.17192982456140354,'-0.5557660443701915,0.21190639524738442,INSUFFICIENT,measured,6737c3e7f6336d0adce20989d17bb6f271655f2f7ee337c42125d60077cb6f5a
nine-tap,participant,200,100,80,0.275,55,'-0.19395698640981657,'-0.34663513916574057,'-0.041278833653892566,INSUFFICIENT,measured,6737c3e7f6336d0adce20989d17bb6f271655f2f7ee337c42125d60077cb6f5a
opponent-attack,participant,200,100,8,0.04,8,0.07407407407407407,'-0.2993910692380695,0.44753921738621766,INSUFFICIENT,measured,6737c3e7f6336d0adce20989d17bb6f271655f2f7ee337c42125d60077cb6f5a
purge-aegis,participant,200,100,3,0.015,3,0.5077720207253886,0.437239895809324,0.5783041456414533,INSUFFICIENT,measured,6737c3e7f6336d0adce20989d17bb6f271655f2f7ee337c42125d60077cb6f5a
purge-anchor-bounce,participant,200,100,7,0.03,6,'-0.25520833333333337,'-0.6854056589704385,0.17498899230377174,INSUFFICIENT,measured,6737c3e7f6336d0adce20989d17bb6f271655f2f7ee337c42125d60077cb6f5a
queen,participant,200,100,4,0.02,4,0,'-0.49506875865832517,0.49506875865832517,INSUFFICIENT,measured,6737c3e7f6336d0adce20989d17bb6f271655f2f7ee337c42125d60077cb6f5a
queen-aegis,participant,200,100,44,0.17,34,'-0.1639709983268265,'-0.3451096136606222,0.017167617006969227,INSUFFICIENT,measured,6737c3e7f6336d0adce20989d17bb6f271655f2f7ee337c42125d60077cb6f5a
rank10,participant,200,100,110,0.375,75,0.055211267605633774,'-0.09014968717694488,0.20057222238821243,INSUFFICIENT,measured,6737c3e7f6336d0adce20989d17bb6f271655f2f7ee337c42125d60077cb6f5a
rank10-stack-theft,participant,200,100,11,0.055,11,0.14447174447174443,'-0.14878897878429737,0.43773246772778623,INSUFFICIENT,measured,6737c3e7f6336d0adce20989d17bb6f271655f2f7ee337c42125d60077cb6f5a
rank3-discard,participant,200,100,3,0.015,3,0.16925734024179617,'-0.3688210504950383,0.7073357309786307,INSUFFICIENT,measured,6737c3e7f6336d0adce20989d17bb6f271655f2f7ee337c42125d60077cb6f5a
rank3-present,participant,200,100,7,0.035,7,0.22222222222222227,'-0.1199413329323733,0.5643857773768178,INSUFFICIENT,measured,6737c3e7f6336d0adce20989d17bb6f271655f2f7ee337c42125d60077cb6f5a
rank3-take,participant,200,100,6,0.03,6,'-0.3438596491228071,'-0.6504130192266976,'-0.03730627901891659,INSUFFICIENT,measured,6737c3e7f6336d0adce20989d17bb6f271655f2f7ee337c42125d60077cb6f5a
rank5-rummage,participant,200,100,10,0.045,9,'-0.2606382978723404,'-0.569086351043648,0.04780975529896725,INSUFFICIENT,measured,6737c3e7f6336d0adce20989d17bb6f271655f2f7ee337c42125d60077cb6f5a
rank6-keep-all-discard,participant,200,100,4,0.02,4,0,'-0.49506875865832517,0.49506875865832517,INSUFFICIENT,measured,6737c3e7f6336d0adce20989d17bb6f271655f2f7ee337c42125d60077cb6f5a
rank6-keep-return-bottom,participant,200,100,20,0.08,16,'-0.12358133669609078,'-0.39778301955729367,0.1506203461651121,INSUFFICIENT,measured,6737c3e7f6336d0adce20989d17bb6f271655f2f7ee337c42125d60077cb6f5a
rank6-keep-return-top,participant,200,100,8,0.04,8,'-0.3438596491228071,'-0.6504130192266976,'-0.03730627901891659,INSUFFICIENT,measured,6737c3e7f6336d0adce20989d17bb6f271655f2f7ee337c42125d60077cb6f5a
rank7-generated-ace-anchor,participant,200,100,1,0.005,1,'-0.5025641025641026,'-0.5727411478663516,'-0.4323870572618535,INSUFFICIENT,measured,6737c3e7f6336d0adce20989d17bb6f271655f2f7ee337c42125d60077cb6f5a
rank7-generated-four-row-clear,participant,200,100,1,0.005,1,'-0.5025641025641026,'-0.5727411478663516,'-0.4323870572618535,INSUFFICIENT,measured,6737c3e7f6336d0adce20989d17bb6f271655f2f7ee337c42125d60077cb6f5a
rank7-generated-jack-attach,participant,200,100,1,0.005,1,0.5025641025641026,0.4323870572618535,0.5727411478663516,INSUFFICIENT,measured,6737c3e7f6336d0adce20989d17bb6f271655f2f7ee337c42125d60077cb6f5a
rank7-generated-nine-anchor,participant,200,100,2,0.01,2,0.5051546391752577,0.4347997715090143,0.5755095068415012,INSUFFICIENT,measured,6737c3e7f6336d0adce20989d17bb6f271655f2f7ee337c42125d60077cb6f5a
rank7-generated-red-joker,participant,200,100,1,0.005,1,'-0.5025641025641026,'-0.5727411478663516,'-0.4323870572618535,INSUFFICIENT,measured,6737c3e7f6336d0adce20989d17bb6f271655f2f7ee337c42125d60077cb6f5a
rank7-generated-score,participant,200,100,4,0.02,4,0.2552083333333333,'-0.1749889923037718,0.6854056589704385,INSUFFICIENT,measured,6737c3e7f6336d0adce20989d17bb6f271655f2f7ee337c42125d60077cb6f5a
rank7-generated-three-bounce,participant,200,100,1,0.005,1,'-0.5025641025641026,'-0.5727411478663516,'-0.4323870572618535,INSUFFICIENT,measured,6737c3e7f6336d0adce20989d17bb6f271655f2f7ee337c42125d60077cb6f5a
rank7-generated-three-hand-raid,participant,200,100,1,0.005,1,'-0.5025641025641026,'-0.5727411478663516,'-0.4323870572618535,INSUFFICIENT,measured,6737c3e7f6336d0adce20989d17bb6f271655f2f7ee337c42125d60077cb6f5a
rank7-hand-and-effect,participant,200,100,12,0.06,12,0,'-0.2919756248310405,0.2919756248310405,INSUFFICIENT,measured,6737c3e7f6336d0adce20989d17bb6f271655f2f7ee337c42125d60077cb6f5a
rank7-hand-and-score,participant,200,100,10,0.05,10,'-0.10537634408602148,'-0.41739824367495404,0.20664555550291108,INSUFFICIENT,measured,6737c3e7f6336d0adce20989d17bb6f271655f2f7ee337c42125d60077cb6f5a
rank7-hand-only,participant,200,100,1,0.005,1,'-0.5025641025641026,'-0.5727411478663516,'-0.4323870572618535,INSUFFICIENT,measured,6737c3e7f6336d0adce20989d17bb6f271655f2f7ee337c42125d60077cb6f5a
recycle-five-♠,participant,200,100,1,0.005,1,0.5025641025641026,0.4323870572618535,0.5727411478663516,INSUFFICIENT,measured,6737c3e7f6336d0adce20989d17bb6f271655f2f7ee337c42125d60077cb6f5a
recycle-five-♣,participant,200,100,1,0.005,1,'-0.5025641025641026,'-0.5727411478663516,'-0.4323870572618535,INSUFFICIENT,measured,6737c3e7f6336d0adce20989d17bb6f271655f2f7ee337c42125d60077cb6f5a
recycle-five-♦,participant,200,100,1,0.005,1,'-0.5025641025641026,'-0.5727411478663516,'-0.4323870572618535,INSUFFICIENT,measured,6737c3e7f6336d0adce20989d17bb6f271655f2f7ee337c42125d60077cb6f5a
royal-marriage,participant,200,100,1,0.005,1,'-0.5025641025641026,'-0.5727411478663516,'-0.4323870572618535,INSUFFICIENT,measured,6737c3e7f6336d0adce20989d17bb6f271655f2f7ee337c42125d60077cb6f5a
score,participant,200,100,587,0.76,152,0.44709345106696097,0.3155432717236679,0.578643630410254,INSUFFICIENT,measured,6737c3e7f6336d0adce20989d17bb6f271655f2f7ee337c42125d60077cb6f5a
scuttle,participant,200,100,112,0.265,53,'-0.11926977687626772,'-0.2768830583918884,0.03834350463935299,INSUFFICIENT,measured,6737c3e7f6336d0adce20989d17bb6f271655f2f7ee337c42125d60077cb6f5a
seven-topdeck,participant,200,100,30,0.125,25,'-0.09496124031007752,'-0.3058739208301531,0.11595144020999801,INSUFFICIENT,measured,6737c3e7f6336d0adce20989d17bb6f271655f2f7ee337c42125d60077cb6f5a
six-dig,participant,200,100,37,0.135,27,'-0.1899224806201551,'-0.3927536909569845,0.012908729716674283,INSUFFICIENT,measured,6737c3e7f6336d0adce20989d17bb6f271655f2f7ee337c42125d60077cb6f5a
solo-wild,participant,200,100,16,0.06,12,'-0.44384057971014496,'-0.6160546555729308,'-0.2716265038473591,INSUFFICIENT,measured,6737c3e7f6336d0adce20989d17bb6f271655f2f7ee337c42125d60077cb6f5a
spade-recovery,participant,200,100,8,0.04,8,0.22222222222222227,'-0.1199413329323733,0.5643857773768178,INSUFFICIENT,measured,6737c3e7f6336d0adce20989d17bb6f271655f2f7ee337c42125d60077cb6f5a
super,participant,200,100,9,0.045,9,0.4076054664289958,0.19015576979478802,0.6250551630632036,INSUFFICIENT,measured,6737c3e7f6336d0adce20989d17bb6f271655f2f7ee337c42125d60077cb6f5a
super-ace,participant,200,100,14,0.07,14,0.12358133669609084,'-0.15062034616511205,0.3977830195572937,INSUFFICIENT,measured,6737c3e7f6336d0adce20989d17bb6f271655f2f7ee337c42125d60077cb6f5a
swap-bar,participant,200,100,208,0.56,112,0.0516714120004218,'-0.08902102044521043,0.19236384444605403,INSUFFICIENT,measured,6737c3e7f6336d0adce20989d17bb6f271655f2f7ee337c42125d60077cb6f5a
three-black-ace,participant,200,100,7,0.035,7,0.07407407407407407,'-0.2993910692380695,0.44753921738621766,INSUFFICIENT,measured,6737c3e7f6336d0adce20989d17bb6f271655f2f7ee337c42125d60077cb6f5a
three-black-bounce-top,participant,200,100,11,0.055,11,0,'-0.31811903687210646,0.31811903687210646,INSUFFICIENT,measured,6737c3e7f6336d0adce20989d17bb6f271655f2f7ee337c42125d60077cb6f5a
three-black-clear-er,participant,200,100,4,0.02,4,'-0.16925734024179623,'-0.7073357309786308,0.36882105049503827,INSUFFICIENT,measured,6737c3e7f6336d0adce20989d17bb6f271655f2f7ee337c42125d60077cb6f5a
three-black-clear-pr,participant,200,100,5,0.025,5,'-0.10261780104712037,'-0.5378395526030287,0.332603950508788,INSUFFICIENT,measured,6737c3e7f6336d0adce20989d17bb6f271655f2f7ee337c42125d60077cb6f5a
three-black-jack-pr,participant,200,100,1,0.005,1,0.5025641025641026,0.4323870572618535,0.5727411478663516,INSUFFICIENT,measured,6737c3e7f6336d0adce20989d17bb6f271655f2f7ee337c42125d60077cb6f5a
three-black-king,participant,200,100,2,0.01,2,0,'-0.696514670425963,0.696514670425963,INSUFFICIENT,measured,6737c3e7f6336d0adce20989d17bb6f271655f2f7ee337c42125d60077cb6f5a
three-black-purge-aegis,participant,200,100,1,0.005,1,N/A,N/A,N/A,INSUFFICIENT,measured,6737c3e7f6336d0adce20989d17bb6f271655f2f7ee337c42125d60077cb6f5a
three-black-purge-anchor-bounce,participant,200,100,1,0.005,1,0.5025641025641026,0.4323870572618535,0.5727411478663516,INSUFFICIENT,measured,6737c3e7f6336d0adce20989d17bb6f271655f2f7ee337c42125d60077cb6f5a
three-black-queen,participant,200,100,6,0.03,6,'-0.3078534031413613,'-0.6655593288341755,0.04985252255145284,INSUFFICIENT,measured,6737c3e7f6336d0adce20989d17bb6f271655f2f7ee337c42125d60077cb6f5a
three-black-total-clear,participant,200,100,1,0.005,1,N/A,N/A,N/A,INSUFFICIENT,measured,6737c3e7f6336d0adce20989d17bb6f271655f2f7ee337c42125d60077cb6f5a
three-bounce-♠,participant,200,100,2,0.01,2,'-0.5051546391752577,'-0.5755095068415012,'-0.4347997715090143,INSUFFICIENT,measured,6737c3e7f6336d0adce20989d17bb6f271655f2f7ee337c42125d60077cb6f5a
three-bounce-♣,participant,200,100,2,0.01,2,0,'-0.696514670425963,0.696514670425963,INSUFFICIENT,measured,6737c3e7f6336d0adce20989d17bb6f271655f2f7ee337c42125d60077cb6f5a
three-bounce-♦,participant,200,100,1,0.005,1,0.5025641025641026,0.4323870572618535,0.5727411478663516,INSUFFICIENT,measured,6737c3e7f6336d0adce20989d17bb6f271655f2f7ee337c42125d60077cb6f5a
three-force-discard,participant,200,100,5,0.02,4,'-0.25520833333333337,'-0.6854056589704385,0.17498899230377174,INSUFFICIENT,measured,6737c3e7f6336d0adce20989d17bb6f271655f2f7ee337c42125d60077cb6f5a
three-present-take,participant,200,100,7,0.035,7,'-0.2222222222222222,'-0.5643857773768177,0.11994133293237336,INSUFFICIENT,measured,6737c3e7f6336d0adce20989d17bb6f271655f2f7ee337c42125d60077cb6f5a
three-red-counter,participant,200,100,97,0.435,87,0.10416666666666669,'-0.03646480235613067,0.24479813568946404,INSUFFICIENT,measured,6737c3e7f6336d0adce20989d17bb6f271655f2f7ee337c42125d60077cb6f5a
topdeck-seven-♣,participant,200,100,2,0.01,2,'-0.5051546391752577,'-0.5755095068415012,'-0.4347997715090143,INSUFFICIENT,measured,6737c3e7f6336d0adce20989d17bb6f271655f2f7ee337c42125d60077cb6f5a
topdeck-seven-♥,participant,200,100,1,0.005,1,'-0.5025641025641026,'-0.5727411478663516,'-0.4323870572618535,INSUFFICIENT,measured,6737c3e7f6336d0adce20989d17bb6f271655f2f7ee337c42125d60077cb6f5a
total-clear,participant,200,100,16,0.08,16,'-0.07692307692307693,'-0.34613233072257854,0.19228617687642469,INSUFFICIENT,measured,6737c3e7f6336d0adce20989d17bb6f271655f2f7ee337c42125d60077cb6f5a
two-hold,participant,200,100,9,0.045,9,0.4076054664289958,0.19015576979478802,0.6250551630632036,INSUFFICIENT,measured,6737c3e7f6336d0adce20989d17bb6f271655f2f7ee337c42125d60077cb6f5a
ultra,participant,200,100,209,0.755,151,'-0.013605442176870763,'-0.1752343617195647,0.14802347736582316,INSUFFICIENT,measured,6737c3e7f6336d0adce20989d17bb6f271655f2f7ee337c42125d60077cb6f5a
voltage,participant,200,100,42,0.04,8,0,'-0.3537709867224143,0.3537709867224143,INSUFFICIENT,measured,6737c3e7f6336d0adce20989d17bb6f271655f2f7ee337c42125d60077cb6f5a
wild-sovereignty,participant,200,100,2,0.01,2,'-0.5051546391752577,'-0.5755095068415012,'-0.4347997715090143,INSUFFICIENT,measured,6737c3e7f6336d0adce20989d17bb6f271655f2f7ee337c42125d60077cb6f5a
