matchOrdinal,matchId,seed,profileId,policy1,policy2,winner,winningSeat,terminationReason,completedFullTurns,policyDecisionCount,policyActionCount,miniTurnActionCount,exhaustedPassActionCount,responseOpportunityCount,responsePlayedCount,responseDeclinedWithOptionsCount,automaticPriorityAdvanceCount,responseWindowClosedCount,privateChoiceDecisionCount,advancedDecisionCount,ultraDecisionCount,voltageDecisionCount,triggerCount,commandCount,eventCount,scoreMargin,matchResultHash
0,M-a5c54bedb1d6ece158bc,1527652420,core-advanced-authority,random-legal,random-legal,P1,1,EXHAUSTED_RESOLUTION,91,251,230,96,0,37,22,21,197,106,20,9,2,4,96,738,1242,10,cae7fb6b3947cd88bba79426a3e2b058f0ec73b824e8d4b423395335ef965c24
1,M-7b5f7e5ec08d50cb3b6f,3591984348,core-advanced-authority,random-legal,score-rush,P2,2,NORMAL_VICTORY,5,18,16,7,0,4,3,2,14,8,0,2,2,0,6,52,87,16,43f1f7e5bf84a79ce4a95d9b0947783f806798551dfd4d0037570edca7053f37
2,M-e4875f3be5bec9be1782,3802291172,core-advanced-authority,random-legal,control,P2,2,NORMAL_VICTORY,43,113,110,48,0,12,15,3,112,57,3,8,3,2,46,370,619,9,85b2a7f6bf32d9c5dab577707decdd9dca596b53905d981c85a583413977fb56
3,M-cf1296dcf54913b1f236,3997723244,core-advanced-authority,random-legal,tempo,P1,1,NORMAL_VICTORY,42,104,97,45,0,14,8,7,89,47,1,5,3,0,43,326,545,16,100352cf6082a25226b333ae48e395fd891ef155e1e6403b6ca35a8eb8ba788c
4,M-6e405bd305ad3a8842b2,3808858681,core-advanced-authority,random-legal,value,P2,2,NORMAL_VICTORY,5,19,16,7,0,6,3,3,14,8,0,1,1,0,6,53,84,26,7196e39207d73fb814cbe3a5375d77a16c9d5ba2eb977e2dd19620cd6ff72582
5,M-6db13647ac8571e244c2,2343558171,core-advanced-authority,random-legal,hybrix-rusher,P2,2,NORMAL_VICTORY,9,29,29,12,0,2,7,0,27,13,0,4,0,4,14,89,147,12,86f55fbd5c788c3fccc4f6134655a9d117993b54730467e63cf1b7b056c2d5ce
6,M-af613f3d635a9a9871dc,854653965,core-advanced-authority,random-legal,hybrix-defender,P2,2,EXHAUSTED_RESOLUTION,51,149,141,59,0,22,22,8,139,72,8,13,4,4,56,464,777,2,073d77acfea35041c0827c212aa0a48282c31a0a1c0f3356e400603e6cfcf965
7,M-2c058833d0cab8a83b36,300779178,core-advanced-authority,random-legal,hybrix-trickster,P2,2,NORMAL_VICTORY,19,50,46,22,0,8,4,4,41,22,0,2,2,0,20,153,253,25,b6b2bd8e859454a744174bc6bcb5296b7271e6a9c7ab9f59cbea1b75d79c97b6
8,M-db1a7c5a8d04a411be38,1133672708,core-advanced-authority,random-legal,hybrix-sniper,P2,2,NORMAL_VICTORY,9,42,32,12,0,14,8,10,18,13,2,6,2,4,14,93,149,21,f3945abe3e18eef4a08ab9bd768b3216cc7f5884a076d17c51cf7a089ae361ce
9,M-fa500a672d37de80d9d3,3641393008,core-advanced-authority,random-legal,hybrix-support,P1,1,NORMAL_VICTORY,22,63,59,25,0,10,6,4,54,27,5,2,2,0,23,190,311,11,6cefedb0e0d6328a1cbbc1d75d760272b643b23e89a5d0ed4803342d9d87a428
10,M-4f83e4902bf5c8b33228,257159754,core-advanced-authority,random-legal,hybrix-tank,P2,2,EXHAUSTED_RESOLUTION,57,155,148,62,2,24,22,7,146,75,6,8,4,0,58,492,829,6,c07566d30c6813a789264382f7c94c4108613c34e01f1d6ffcb8e05a7ddcca27
11,M-3f06d7f4cfd593ad7365,848224607,core-advanced-authority,random-legal,hybrix-baseline,P2,2,NORMAL_VICTORY,13,38,35,16,0,8,5,3,32,17,0,1,1,0,14,115,186,16,267a6700860eb6186898cbae7b10cef9718d6c6b268c9f03ad3a939be63c1348
12,M-767b191b1e8222dcfc0f,2088427968,core-advanced-authority,score-rush,random-legal,P1,1,NORMAL_VICTORY,4,20,13,7,0,8,1,7,3,5,0,1,0,0,5,38,61,13,add0d9f535c975176ac600eebe2c6c80c98ceed11063eec942d51fea0ed404c8
13,M-75a1344380686982f648,1698944196,core-advanced-authority,score-rush,score-rush,P2,2,NORMAL_VICTORY,5,14,14,6,0,2,2,0,14,7,0,2,2,0,6,47,78,8,0e786dcfbefbec97eaa7c38389dd7aa7eb0810f52f15dd555740dc7b212924fe
14,M-356e0c87021b117b89f7,3467342780,core-advanced-authority,score-rush,control,P2,2,NORMAL_VICTORY,3,13,13,8,0,0,1,0,18,9,0,3,2,0,4,48,82,12,65de74a794a1158885340c0383314511fc206aa03abe8af301a2b77d695fed83
15,M-506366a0ae72fba32d23,3034212584,core-advanced-authority,score-rush,tempo,P1,1,NORMAL_VICTORY,8,25,21,9,0,6,3,4,18,11,0,3,2,0,9,72,123,3,8da34079905c084c728bb15c17375b4819c4ea788beaaf1f9f1d37345f112262
16,M-df34d9f1cb8863274609,3621001482,core-advanced-authority,score-rush,value,P2,2,NORMAL_VICTORY,13,34,32,14,0,6,4,2,30,16,0,2,2,0,14,108,179,10,85bf80088229c4ba342ed27cbbf9c3a5c5e48f641ad3d5922d2a17a3d65b7221
17,M-e18eeb49aff85674904b,1560120326,core-advanced-authority,score-rush,hybrix-rusher,P2,2,NORMAL_VICTORY,17,44,42,20,0,4,2,2,37,19,2,3,2,0,18,136,226,16,b67ed3df41ceade175fae97548349cb99a78e7ad579c4c2c4201d6ebcb01b591
18,M-31d6e5a6f7d11b406b12,2770005059,core-advanced-authority,score-rush,hybrix-defender,P1,1,NORMAL_VICTORY,18,49,48,23,0,4,6,1,51,26,0,4,3,0,19,164,276,21,c5642346cb12e4fea74e823758a4807da7cf6b2d14e65038b925a4884ff18875
19,M-db00406242aa588c413d,2583719783,core-advanced-authority,score-rush,hybrix-trickster,P2,2,NORMAL_VICTORY,11,31,30,14,0,5,4,1,30,15,0,2,2,0,12,100,163,14,c09b301472755005a2f8692a4d3e0805b3361471db5f7eb4cd4c85b02b25cc93
20,M-6ea2acd7f3b5fb1f2561,900615593,core-advanced-authority,score-rush,hybrix-sniper,P2,2,NORMAL_VICTORY,5,16,15,7,0,3,2,1,13,7,0,0,0,0,6,48,78,18,0a18ce4800460aa4aa8b1e1449d8be76c10991a894f49e054ba80ce193da0b18
21,M-13c2c14034fdbfbf3a37,4158483429,core-advanced-authority,score-rush,hybrix-support,P2,2,NORMAL_VICTORY,15,38,36,17,0,5,3,2,34,18,0,2,1,0,16,122,203,11,bac43e5fd7efd6f8c126174624f414696b3c9619c2140477476a46467d482a9d
22,M-2688a4a154363a6767bf,2870803595,core-advanced-authority,score-rush,hybrix-tank,P1,1,NORMAL_VICTORY,12,32,32,15,0,2,3,0,28,14,1,3,3,0,13,100,166,16,98bc050dfebe99bce383e76bf0f5ec507da6fc4415c35587af54d9e551860bd9
23,M-b736ff54d7d0a244c5ed,2070766782,core-advanced-authority,score-rush,hybrix-baseline,P1,1,NORMAL_VICTORY,4,19,19,11,0,3,3,0,22,11,0,2,2,0,5,62,102,12,78b46bd5c4d0c158452b4def3a798023dca496fa450656f7f778f7c2596fdf85
24,M-ff6935d652fc5eed5d2e,1486442133,core-advanced-authority,control,random-legal,P1,1,NORMAL_VICTORY,12,33,31,15,0,5,3,2,28,15,0,5,3,0,13,102,174,24,d4356ec94a644fc9a7ec45dda5ef6e59789cf9e0ce649e722f04b15084797f66
25,M-d9c02e7b42767a19bfbb,3662559121,core-advanced-authority,control,score-rush,P2,2,NORMAL_VICTORY,23,54,53,24,0,6,5,1,53,27,0,2,1,0,24,182,306,23,19610c577813000bd53661dd0a42348276d366762632404af73e70f9cabb8061
26,M-0399a2ffce7ace60f207,2379410386,core-advanced-authority,control,control,DRAW,,CANONICAL_DRAW,43,118,115,46,0,12,14,3,105,54,11,10,6,0,44,365,614,0,8cc0260864847f3983cc079079dc25d4abe612c0299725b8b840cf518e741a51
27,M-8495c9c687c521492050,3263033681,core-advanced-authority,control,tempo,P2,2,NORMAL_VICTORY,25,60,59,28,0,4,5,1,61,31,0,5,3,0,26,204,343,9,17277c623cbb41d0e32c51c9bd5eb24da26678655bfb1e5be92aa0437ead18f3
28,M-6dee115328a2f775aae6,2151643315,core-advanced-authority,control,value,P2,2,NORMAL_VICTORY,13,38,38,17,0,6,7,0,45,22,0,2,2,0,14,133,219,25,8fb6d3dbc91b77f2e14c716520f058b0593d6d5b59e7f7b9792af3df5bac7eb1
29,M-951fbd6489b97464e9fd,1016816118,core-advanced-authority,control,hybrix-rusher,P2,2,NORMAL_VICTORY,5,20,19,8,0,5,4,1,18,9,1,2,2,0,6,59,92,26,9b019fd1dd7f4b319130b832721d435b663095b2c35afb4804d59038ad7e8c4f
30,M-b30acfda6bb76eb9e35a,894223787,core-advanced-authority,control,hybrix-defender,P1,1,NORMAL_VICTORY,16,42,42,22,0,1,2,0,42,21,1,3,2,0,17,139,233,22,c08ceb9d9586c3c80a356dc6e479f93e8527aa47a166de689a53c37f59e75365
31,M-ccaa89b6c12ab7982c9b,4107091825,core-advanced-authority,control,hybrix-trickster,P2,2,NORMAL_VICTORY,5,19,19,10,0,3,3,0,20,10,0,3,2,0,6,61,103,18,0a229e3d4052cc0d7d4805bde8d06573ddafcc5264510a19b92317c03d939253
32,M-b99195b524b9bbddee43,3571657087,core-advanced-authority,control,hybrix-sniper,P2,2,EXHAUSTED_RESOLUTION,62,157,152,67,0,20,19,5,158,81,3,5,2,0,63,522,877,8,9d0be0a2e90abfdd5baffb863802b48e6bfba03574c24ae71a548518f6d24ab6
33,M-f40ee35c21df7437175a,3001219346,core-advanced-authority,control,hybrix-support,P2,2,NORMAL_VICTORY,5,18,17,9,0,2,1,1,17,9,1,3,1,0,6,56,96,26,85ff6bc17e33a9c3ae3fa915bb36d9be255690ddf8bd90a125d333ec36878e33
34,M-ca2dc7f0beba13b1e26d,2558496594,core-advanced-authority,control,hybrix-tank,P2,2,EXHAUSTED_RESOLUTION,41,113,111,50,0,12,15,2,117,59,4,11,5,0,42,373,627,9,0e23e72843e613717353ca1f0fb06515a2ea46ef1d3044364d96d4afb4302702
35,M-e78e8c574d64f511e8b3,467174032,core-advanced-authority,control,hybrix-baseline,P2,2,NORMAL_VICTORY,13,38,36,18,0,4,3,2,34,18,1,2,1,0,14,118,199,17,f361dad1a1887b98d95ba89ac54029209dc4660921e9ad4dcce80eea86457c19
36,M-7e33b083721a68833b44,3685433117,core-advanced-authority,tempo,random-legal,P1,1,NORMAL_VICTORY,20,51,49,25,0,4,2,2,47,24,1,2,2,0,21,164,275,12,0fdd35b662be3fb63785d532b0332a198ecb03e53592a95838984a26ecd793cd
37,M-8bbe7087161668ef2449,745080826,core-advanced-authority,tempo,score-rush,P1,1,NORMAL_VICTORY,8,25,23,9,0,7,5,2,22,12,0,4,2,0,9,77,125,5,5e4d16cdee61e71d6321f51fd9305e6265b7fe4da1fced52846f6639cae5211a
38,M-b900d83e98e6680b0589,12473326,core-advanced-authority,tempo,control,P1,1,NORMAL_VICTORY,52,123,118,57,0,11,8,5,123,64,0,4,2,0,53,416,705,25,6a45bdf1d10ec03eeadfcbb8a7dbeefb3a8a941b0bd629fedb58a36737d5cb58
39,M-5356348f82d97dd43602,1098703386,core-advanced-authority,tempo,tempo,P2,2,NORMAL_VICTORY,9,25,25,10,0,4,5,0,26,13,0,2,2,0,10,84,139,10,cc140f05da44af40aa448ded20c511fd37701fb1c713ff025703188c31ff5e9e
40,M-e0b988f466fa44f04cf1,1341395507,core-advanced-authority,tempo,value,P2,2,NORMAL_VICTORY,5,15,13,6,0,3,1,2,10,6,0,1,1,0,6,43,71,13,31c8c3fb251777271b6dfaa82d81a5d6661e40fa4ee171d6252298d39991c354
41,M-cc98c232170da69e3669,514623319,core-advanced-authority,tempo,hybrix-rusher,P2,2,NORMAL_VICTORY,5,19,19,8,0,4,5,0,22,10,0,0,0,0,6,63,98,16,75dbcd50e459f9fff1bce6a103e7bcfff5ac88d4dc13b1d266cb402a928788b2
42,M-13dd6adfbfad8f9c5ea8,3257949936,core-advanced-authority,tempo,hybrix-defender,P1,1,NORMAL_VICTORY,32,78,77,35,0,6,7,1,75,38,2,7,3,0,33,257,434,16,804bf72a3e5e49fb91407828958b35210ab254738f63d3b2d7e146401c4b9efd
43,M-37a8ec5c290b33666571,1734784718,core-advanced-authority,tempo,hybrix-trickster,P2,2,NORMAL_VICTORY,3,17,15,10,0,3,1,2,16,9,0,2,2,0,4,50,84,8,2b2b34020440fb756327c031dd38084e2339f51a5d9c478b3b47e0adc3fa3dc5
44,M-43557da9ff61b06b4a97,2165311677,core-advanced-authority,tempo,hybrix-sniper,P2,2,NORMAL_VICTORY,9,25,25,13,0,2,2,0,26,13,0,3,3,0,10,84,140,4,f8519f27da2ef7936dc6a520e705899c226014610eec125f21d9167700ae70fd
45,M-f4ecfe366f987ad15764,343358507,core-advanced-authority,tempo,hybrix-support,P2,2,NORMAL_VICTORY,9,27,27,14,0,2,3,0,28,14,0,3,3,0,10,89,147,11,8536a3b88a26c4748bd95fa2ad65555db11035490eec9cd2b606ca39678d532c
46,M-86f55758148090f8418c,700606975,core-advanced-authority,tempo,hybrix-tank,P1,1,NORMAL_VICTORY,42,105,104,49,0,8,10,1,109,55,2,6,4,0,43,355,599,13,09604f7e79d560e1bd7e330988da7ece1cc0ba267ab4a4d030c7b4f444c7d946
47,M-a1be6f3ebc850ef914f0,3333706471,core-advanced-authority,tempo,hybrix-baseline,P2,2,NORMAL_VICTORY,5,16,16,8,0,1,2,0,20,10,0,2,1,0,6,58,100,13,3cf60c99a86e6ddf4f480fdfb995bf916a3ba9de10659753ba1f0d9803d9a299
48,M-dfe81443257b324657ca,3666654543,core-advanced-authority,value,random-legal,P2,2,NORMAL_VICTORY,13,44,43,18,0,7,11,1,42,20,0,8,2,5,19,134,216,12,6e0d9009a8a813bd0a65f1f100a18a7505dbc537ca56bb6aa44fc385f643344e
49,M-da4e817c607a79c972dc,4034164749,core-advanced-authority,value,score-rush,P2,2,NORMAL_VICTORY,5,16,15,6,0,4,3,1,15,8,0,2,2,0,6,51,83,9,62bb8308334f250252c44560b4b7b2651810439e7c314d868dbcd3df0b13c151
50,M-d17c8f9f219fa47920c9,1299278787,core-advanced-authority,value,control,P1,1,NORMAL_VICTORY,6,21,20,9,0,4,4,1,24,12,0,2,2,0,7,71,120,20,3b05e8236d10fd1f2d225b1be83fe3d54514d5ac0fffb854af54e1f6cac22cd4
51,M-ec210a15b281dccc7eb6,3531923767,core-advanced-authority,value,tempo,P1,1,NORMAL_VICTORY,10,30,28,13,0,5,4,2,30,16,0,3,2,0,11,98,163,7,0fac55a6b3a960b3a6bec9b534f11e3ad879d534970c9c138fe60f4f0eeec6aa
52,M-9b182806ed3ffa95a472,1118604606,core-advanced-authority,value,value,P1,1,NORMAL_VICTORY,6,16,16,7,0,2,2,0,16,8,0,3,2,0,7,54,91,1,6c4f6f27f09840e1dc9e72bb392597e0de04e7c67dbe7c6c4a15dc6594e34fd4
53,M-6918a9e6dfad56d243dc,2383046915,core-advanced-authority,value,hybrix-rusher,P1,1,NORMAL_VICTORY,8,30,28,13,0,8,6,2,32,16,0,3,2,0,9,96,153,8,40fb865ba4405e9b032c1a2e75e869cca139d8a2472d0408d7b1e7fbc959bf92
54,M-14c08c9e7054d254f746,2127117963,core-advanced-authority,value,hybrix-defender,P1,1,NORMAL_VICTORY,16,47,45,19,0,8,9,2,45,23,0,3,2,0,17,149,242,10,9f3908c6b9f1e6097d420cdba0d94fa2ef47682c903efc1fd72f0e4aff3f2707
55,M-b0aa9321e9f04fbb3915,787582981,core-advanced-authority,value,hybrix-trickster,P2,2,NORMAL_VICTORY,3,15,15,10,0,1,1,0,18,9,0,2,2,0,4,50,83,9,618eda8ffcd3fed41a6db7d05a6b425638de9f58cae86a1646b7d60c409e81fe
56,M-67a24a3400148c68da24,1138182059,core-advanced-authority,value,hybrix-sniper,P1,1,NORMAL_VICTORY,8,24,23,11,0,4,3,1,21,11,0,2,2,0,9,74,122,6,98d7bdf7dd9cab884a95f18bd8f5f7b9dd453c53fcbbebfe2192ac9c57bd0f91
57,M-d05d8c1e4fca89aba5d7,2059873497,core-advanced-authority,value,hybrix-support,P2,2,NORMAL_VICTORY,3,17,13,7,0,6,2,4,10,7,0,3,2,0,4,42,69,15,6e92656ff485db1fd9dab6be751fc3085383c8b8d0ce3de67405280d991d82f6
58,M-54db7c3beb97fdd5e766,1633815784,core-advanced-authority,value,hybrix-tank,P1,1,NORMAL_VICTORY,32,88,83,37,0,13,11,5,84,44,2,7,2,0,33,282,471,19,850d4afd568e565a83672f5befbc2d39c4be8ef086e2a98aa321eb57150bb524
59,M-43c182d0e42717eadbd7,1307590167,core-advanced-authority,value,hybrix-baseline,P2,2,NORMAL_VICTORY,5,18,17,7,0,5,4,1,19,9,0,2,2,0,6,58,91,15,d9b8a38987594ec872d6dc340b1b699c1795b5c81809890572fb2589a6b2933d
60,M-215d8e92f73a10e4e662,2633717263,core-advanced-authority,hybrix-rusher,random-legal,P1,1,NORMAL_VICTORY,6,23,18,9,0,7,2,5,13,9,0,1,1,0,7,59,99,19,1ef1e5b83a0e2300dbbd2e6928d3a9a668b14a3d46f3f349c0a24ae66605976e
61,M-cace6923d3966a4c6cf2,2039876534,core-advanced-authority,hybrix-rusher,score-rush,P1,1,NORMAL_VICTORY,4,17,14,6,0,6,3,3,12,7,0,0,0,0,5,46,74,8,111543fbd40040692971499da0232f0ca23e239501c3ce1809de3fb462e1e2d9
62,M-daa7558a859f7187a9dd,44807461,core-advanced-authority,hybrix-rusher,control,P2,2,NORMAL_VICTORY,1,9,7,5,0,2,0,2,6,4,0,3,2,0,2,23,40,19,1c0926e18aac0ecaca43044898765a2aa2d3c0220044efc60b73c4f0cfb424c5
63,M-a02ca676f61663224fb9,2025898417,core-advanced-authority,hybrix-rusher,tempo,P2,2,NORMAL_VICTORY,5,19,17,10,0,3,1,2,14,8,0,2,2,0,6,53,87,13,30fa0d33d57bfd052fe6f58e73421b3d97c7508e67e78a7b4a7c7bb8b601be0f
64,M-2dc606db06c2405f9f91,2658423547,core-advanced-authority,hybrix-rusher,value,P2,2,NORMAL_VICTORY,5,16,16,8,0,2,2,0,14,7,0,2,2,0,6,49,80,3,00247cbc5351e3a39b0867f9cf8d9217f3079cc55fa2737742a5543ef91b8e4d
65,M-86520daa66cfbb09c0d9,1829383190,core-advanced-authority,hybrix-rusher,hybrix-rusher,P2,2,NORMAL_VICTORY,11,28,27,14,0,2,1,1,23,12,0,2,1,0,12,87,146,8,d6bad12766b9621e9348fd6d7c7d16d562b2f3febd5c8a686a4c641e92421cd7
66,M-4c809be83d9614517f25,1408912225,core-advanced-authority,hybrix-rusher,hybrix-defender,P1,1,NORMAL_VICTORY,16,51,47,19,0,10,7,4,40,22,4,3,2,0,17,147,243,15,0d998461533a47b5a1ec36c277e207b902a71cf933e5fb7df9129531f5fed88d
67,M-2516be2abfc3a4189b0b,97728031,core-advanced-authority,hybrix-rusher,hybrix-trickster,P1,1,NORMAL_VICTORY,10,31,29,15,0,5,3,2,28,15,0,1,1,0,11,96,159,10,01aa2bfd95788bac1b3ad5612ee2dd84140c8b9011563d3ceac851d3403e1f2f
68,M-388f5dd4fbf53ea78364,1872580803,core-advanced-authority,hybrix-rusher,hybrix-sniper,P1,1,NORMAL_VICTORY,12,34,33,15,0,6,5,1,31,16,0,2,2,0,13,107,174,2,92ffee800147664047700783b04c468421c40214cfbb1cfb44fa641e99633946
69,M-bad0c69ab23edbca3d7b,1088192953,core-advanced-authority,hybrix-rusher,hybrix-support,P2,2,NORMAL_VICTORY,11,34,30,16,0,6,2,4,28,16,0,1,1,0,12,102,171,11,7605e773c39d2dfdea0c3a3e7ec97927d9caf12e20a0f52a1c562bc12fd78745
70,M-1a2762234dcaa74115c8,4140982885,core-advanced-authority,hybrix-rusher,hybrix-tank,P1,1,NORMAL_VICTORY,16,42,42,19,0,3,5,0,42,21,1,1,1,0,17,139,233,21,a2295b03764f759ffc6d07033f76bc0f6f9778770f20676dd16f24026c938ef6
71,M-94a43635812b783e0dcf,2365989663,core-advanced-authority,hybrix-rusher,hybrix-baseline,P2,2,NORMAL_VICTORY,7,26,24,12,0,6,4,2,25,13,0,3,2,0,8,80,129,17,29b5391a90a40d6190a393c40456ea24c3fac135e9e3bbd22335ae3106c5566d
72,M-bead709cd4f219321e60,3724812468,core-advanced-authority,hybrix-defender,random-legal,P1,1,NORMAL_VICTORY,18,53,53,21,0,7,9,0,54,26,4,1,1,0,19,171,280,27,1762211e35b8d9ad7ce4d1d6d08f55ff60fd9670f86ca8477f5fe649f5c9a115
73,M-20940e389fafd7c22285,3831186139,core-advanced-authority,hybrix-defender,score-rush,P1,1,NORMAL_VICTORY,14,37,36,17,0,4,4,1,35,18,0,3,2,0,15,120,199,5,4252b676d5cba1c0d5f7c8a22b59789558d73396cfdff2aa6c2354c1c7a15a6b
74,M-810f3ab0b42b3ae7412e,3821873655,core-advanced-authority,hybrix-defender,control,P2,2,EXHAUSTED_RESOLUTION,58,156,151,67,0,19,22,5,155,80,3,12,7,0,59,509,853,9,85b271859bd9965de7c1d983162a832294accad8cb8eefe20f932e609da5d0ab
75,M-ab3fca9d3a612ae31a29,2160347474,core-advanced-authority,hybrix-defender,tempo,P2,2,NORMAL_VICTORY,7,27,24,12,0,6,4,3,26,14,0,2,2,0,8,83,140,21,e7109512fec65964d7c605b1d9e110899b0232ea101b73155d12767793fa1e52
76,M-d7aca02b558eda3bb3ce,1745615177,core-advanced-authority,hybrix-defender,value,P2,2,NORMAL_VICTORY,35,92,86,40,0,14,10,6,87,46,0,3,2,0,36,297,496,22,70a09ef2e0463837a84ca1057da600f7646f95217266758b73e808a811625def
77,M-058f5e004cef7183f77e,1497617151,core-advanced-authority,hybrix-defender,hybrix-rusher,P2,2,NORMAL_VICTORY,13,37,36,16,0,7,6,1,36,18,0,6,3,0,14,119,197,28,470ff2ee4fe59090f288203fa3da87209996176eab63968b25b7d001b73649b0
78,M-39106dfdfa58c1464a98,2633211288,core-advanced-authority,hybrix-defender,hybrix-defender,P1,1,EXHAUSTED_RESOLUTION,46,121,119,51,0,11,15,2,116,58,6,11,8,0,47,389,654,9,48e38e14cbcc534070614e91cc409972cf6a5f698b9a37f63a3f6432b0e0a3f8
79,M-15169b516d6ef5c14616,2501198479,core-advanced-authority,hybrix-defender,hybrix-trickster,P2,2,NORMAL_VICTORY,17,48,48,22,0,7,8,0,52,26,0,4,3,0,18,162,269,15,280409a712422f21a3bdd52f3edeb5bc16cb1d67c2d427384d51aff406b5c284
80,M-acb7c1843928f1599e1f,3492537793,core-advanced-authority,hybrix-defender,hybrix-sniper,P2,2,NORMAL_VICTORY,5,18,17,8,0,4,3,1,15,8,0,2,2,0,6,53,85,25,d59b47a8ba79d66475b74a29613ac0bfab51b8ad0131431fe2f739fe61bf1a6e
81,M-9965cd47f12b13d5be41,262482536,core-advanced-authority,hybrix-defender,hybrix-support,P2,2,NORMAL_VICTORY,3,20,17,11,0,4,1,3,17,10,1,4,2,0,4,55,96,19,85bcc3d97c306c424bae45f2a49a7a2a80dc95f5b4153a7e79642a83f7678071
82,M-819cbc6e80612c370cca,2931428882,core-advanced-authority,hybrix-defender,hybrix-tank,P2,2,NORMAL_VICTORY,19,58,52,22,0,12,8,6,43,24,2,3,1,1,21,165,276,21,dbdec13f076989511d237dd150a1bda4723de0c6f624fa8f98ceccec87830307
83,M-317e0a8bfd793db08483,2358532571,core-advanced-authority,hybrix-defender,hybrix-baseline,P2,2,NORMAL_VICTORY,11,30,30,16,0,2,2,0,30,15,0,4,3,0,12,99,166,28,074a3490144e9ec060e4dce943c92673e2ee5897a228e920dbec3263fe9b9dcd
84,M-0d9c75ceaf31b3366b98,442101125,core-advanced-authority,hybrix-trickster,random-legal,P1,1,NORMAL_VICTORY,12,38,37,17,0,5,4,1,39,19,3,3,3,0,13,122,205,16,dd049f747958e74d206aa0e72b407b65b27ae4083b0464c45898dcf9efd259a9
85,M-bf7aacbc584ad199d6e7,1835879510,core-advanced-authority,hybrix-trickster,score-rush,P1,1,NORMAL_VICTORY,10,29,27,13,0,4,3,2,24,13,0,1,1,0,11,88,144,3,9cc7c9717324ead12303f3feb228b6bd0efe3171e44d4c3dc8677e9d3caa35d7
86,M-f83c09f46625d67047c6,3965589317,core-advanced-authority,hybrix-trickster,control,P1,1,NORMAL_VICTORY,80,232,209,88,0,45,31,23,202,109,9,14,4,1,82,705,1170,26,04c85d015381297c8d74e7393a25e73bc41e851237907ad4b2bfccccd4dd855a
87,M-21c3efe1a682210e18db,3500562510,core-advanced-authority,hybrix-trickster,tempo,P1,1,NORMAL_VICTORY,6,23,19,11,0,5,1,4,14,9,0,4,2,0,7,60,100,13,bb4c7049e734889355b23e781bb4cfbd0f1769974068982744fcb55b06493a6f
88,M-7ba2cacf37261df384ec,3534671260,core-advanced-authority,hybrix-trickster,value,P2,2,NORMAL_VICTORY,5,15,14,7,0,2,1,1,11,6,0,2,2,0,6,44,72,14,58da53a6a1709314fb0923adf61c25acb8a117e0f87f75f471f37b479beb2ec9
89,M-42d2dd7c46281c1e8e61,784002416,core-advanced-authority,hybrix-trickster,hybrix-rusher,P2,2,NORMAL_VICTORY,33,82,81,40,0,6,7,1,85,43,0,7,3,0,34,278,469,1,bc5d0f007a461e356704b40b1873b35c560f3aeee572402d5aa28f85a5510227
90,M-ec8c17a731cdf4766961,1511526437,core-advanced-authority,hybrix-trickster,hybrix-defender,P1,1,NORMAL_VICTORY,4,22,20,9,0,7,6,2,26,13,0,2,1,0,5,71,112,21,e60e0153351b90edcbf4aa12fe82b5bed98dc3beb0b4783dab6945e509fcbf22
91,M-c46a745d08e511d8b3e3,121006568,core-advanced-authority,hybrix-trickster,hybrix-trickster,P2,2,NORMAL_VICTORY,11,34,33,16,0,4,5,1,36,18,0,2,1,0,12,112,186,13,160189c4b06edadb80f7c9d8563894a0f975fb9a40e760a76a70cc1ad3340732
92,M-75b9fd9d5b13215397e8,2257929180,core-advanced-authority,hybrix-trickster,hybrix-sniper,P2,2,NORMAL_VICTORY,3,15,15,10,0,1,1,0,18,9,0,3,2,0,4,50,84,22,1d94f52101bad64c9c75bb4f82642a8330dd3e3a809a1e7835d3e313a1ecb8bc
93,M-d0ba30aa7ccfce667588,3009372974,core-advanced-authority,hybrix-trickster,hybrix-support,P2,2,NORMAL_VICTORY,5,23,19,11,0,4,2,4,14,9,0,6,2,2,8,58,100,12,36b053685d3f00dec7b341617c0640cb6020eb97416e6440fc403d678db934c6
94,M-13f49a459f164c68b656,1716331032,core-advanced-authority,hybrix-trickster,hybrix-tank,P1,1,NORMAL_VICTORY,10,33,31,15,0,6,5,2,32,17,0,4,2,0,11,104,175,7,2dbf17a1cf6791a64757eb425b50dd230460b5c69827551d7b54abcb3b14d36c
95,M-313b0fa9372ac4a5cb6e,240880925,core-advanced-authority,hybrix-trickster,hybrix-baseline,P2,2,NORMAL_VICTORY,5,18,17,8,0,4,3,1,15,8,0,2,2,0,6,53,86,2,c4a31722c0ce51fe44bb5395fded0cb9e7e18eb246707e64ca51d571149e5e2f
96,M-2c387191f87b601ea38b,644505664,core-advanced-authority,hybrix-sniper,random-legal,P1,1,NORMAL_VICTORY,4,19,18,9,0,4,4,1,19,10,0,4,2,1,6,58,94,20,a6aec1e68824045396f64c3befe1a77e55554b0c52914db4f5d0d108389e0b3f
97,M-1660ac79b63bc51fb840,3798196298,core-advanced-authority,hybrix-sniper,score-rush,P1,1,NORMAL_VICTORY,6,21,21,13,0,1,1,0,24,12,0,3,2,0,7,71,121,2,c4a8b212f53039defdb59c20a9aebdcf812a5d3c3ccfb099c3f81a01401f861e
98,M-7c636f8f05e92aaa46d0,3234669454,core-advanced-authority,hybrix-sniper,control,P1,1,NORMAL_VICTORY,10,40,35,17,0,11,6,5,34,19,1,2,2,0,11,115,189,21,f94e86e9fb89ab6eb11c37c80e783f6f469a2acbcc38ce9e2f141358a1814c96
99,M-dcde4f73f214c9f3a72e,3031542399,core-advanced-authority,hybrix-sniper,tempo,P1,1,NORMAL_VICTORY,24,57,57,27,0,4,5,0,59,29,0,4,3,0,25,195,333,3,964758884e13bf7180b5ec6e047b15b151d388cf5e613bdafc7d4e7c92180f2f
